Period,Hypothesis,Lag (minutes),Correlation
2025-10-27 16:56:00+00:00 to 2025-10-27 17:25:00+00:00,IWM follows SPY,3,0.3577040623714493
2025-10-27 18:02:00+00:00 to 2025-10-27 18:31:00+00:00,IWM follows SPY,-2,0.35132532879992756
2025-10-27 18:03:00+00:00 to 2025-10-27 18:32:00+00:00,IWM follows SPY,-2,0.35278491707440746
2025-10-27 18:04:00+00:00 to 2025-10-27 18:33:00+00:00,IWM follows SPY,3,0.4202606717597528
2025-10-27 18:05:00+00:00 to 2025-10-27 18:34:00+00:00,IWM follows SPY,3,0.40593054678568014
2025-10-27 18:06:00+00:00 to 2025-10-27 18:35:00+00:00,IWM follows SPY,3,0.34847416698157063
2025-10-27 18:07:00+00:00 to 2025-10-27 18:36:00+00:00,IWM follows SPY,3,0.366638600202384
2025-10-27 18:08:00+00:00 to 2025-10-27 18:37:00+00:00,IWM follows SPY,3,0.3073420435095517
2025-10-27 18:09:00+00:00 to 2025-10-27 18:38:00+00:00,IWM follows SPY,3,0.27252160512932316
2025-10-27 18:10:00+00:00 to 2025-10-27 18:39:00+00:00,IWM follows SPY,-2,0.3676940309513668
2025-10-27 18:11:00+00:00 to 2025-10-27 18:40:00+00:00,IWM follows SPY,-2,0.36911748863497557
2025-10-27 18:12:00+00:00 to 2025-10-27 18:41:00+00:00,IWM follows SPY,-2,0.39339077664893995
2025-10-27 18:13:00+00:00 to 2025-10-27 18:42:00+00:00,IWM follows SPY,-2,0.39041641818240025
2025-10-27 18:14:00+00:00 to 2025-10-27 18:43:00+00:00,IWM follows SPY,-2,0.4679709624414334
2025-10-27 18:15:00+00:00 to 2025-10-27 18:44:00+00:00,IWM follows SPY,-2,0.44981157096282665
2025-10-27 18:16:00+00:00 to 2025-10-27 18:45:00+00:00,IWM follows SPY,-2,0.4552001416413159
2025-10-27 18:17:00+00:00 to 2025-10-27 18:46:00+00:00,IWM follows SPY,-2,0.41154023527714395
2025-10-27 18:18:00+00:00 to 2025-10-27 18:47:00+00:00,IWM follows SPY,-2,0.43114387207031113
2025-10-27 18:19:00+00:00 to 2025-10-27 18:48:00+00:00,IWM follows SPY,-2,0.4377492030542182
2025-10-27 18:20:00+00:00 to 2025-10-27 18:49:00+00:00,IWM follows SPY,-2,0.4562318286575005
2025-10-27 18:21:00+00:00 to 2025-10-27 18:50:00+00:00,IWM follows SPY,-2,0.39882398974455097
2025-10-27 18:22:00+00:00 to 2025-10-27 18:51:00+00:00,IWM follows SPY,4,0.2632265368945854
2025-10-27 18:23:00+00:00 to 2025-10-27 18:52:00+00:00,IWM follows SPY,4,0.25437563506818545
2025-10-27 18:24:00+00:00 to 2025-10-27 18:53:00+00:00,IWM follows SPY,1,0.294349823034475
2025-10-27 18:25:00+00:00 to 2025-10-27 18:54:00+00:00,IWM follows SPY,1,0.24691564234050906
2025-10-27 18:26:00+00:00 to 2025-10-27 18:55:00+00:00,IWM follows SPY,1,0.2913824740524525
2025-10-27 18:27:00+00:00 to 2025-10-27 18:56:00+00:00,IWM follows SPY,1,0.30698836503425136
2025-10-27 18:28:00+00:00 to 2025-10-27 18:57:00+00:00,IWM follows SPY,1,0.30730972372820325
2025-10-27 18:29:00+00:00 to 2025-10-27 18:58:00+00:00,IWM follows SPY,1,0.33770051290418734
2025-10-27 18:30:00+00:00 to 2025-10-27 18:59:00+00:00,IWM follows SPY,1,0.32625946724972654
2025-10-27 18:31:00+00:00 to 2025-10-27 19:00:00+00:00,IWM follows SPY,1,0.35151790085202034
2025-10-27 18:32:00+00:00 to 2025-10-27 19:01:00+00:00,IWM follows SPY,-2,0.18124876191695863
2025-10-27 18:34:00+00:00 to 2025-10-27 19:03:00+00:00,IWM follows SPY,-2,0.2040813130608741
2025-10-27 18:35:00+00:00 to 2025-10-27 19:04:00+00:00,IWM follows SPY,2,0.23693632391288819
2025-10-27 18:36:00+00:00 to 2025-10-27 19:05:00+00:00,IWM follows SPY,2,0.29312512253246026
2025-10-27 18:37:00+00:00 to 2025-10-27 19:06:00+00:00,IWM follows SPY,2,0.3038748622439214
2025-10-27 18:38:00+00:00 to 2025-10-27 19:07:00+00:00,IWM follows SPY,2,0.31394386090492166
2025-10-27 18:39:00+00:00 to 2025-10-27 19:08:00+00:00,IWM follows SPY,2,0.3462291600321738
2025-10-27 18:40:00+00:00 to 2025-10-27 19:09:00+00:00,IWM follows SPY,2,0.35223705182081433
2025-10-27 18:41:00+00:00 to 2025-10-27 19:10:00+00:00,IWM follows SPY,2,0.404932504602348
2025-10-27 18:42:00+00:00 to 2025-10-27 19:11:00+00:00,IWM follows SPY,2,0.3778767814672957
2025-10-27 18:43:00+00:00 to 2025-10-27 19:12:00+00:00,IWM follows SPY,2,0.26556194067439787
2025-10-27 19:02:00+00:00 to 2025-10-27 19:31:00+00:00,IWM follows SPY,-1,0.38547350637881966
2025-10-27 19:31:00+00:00 to 2025-10-28 13:30:00+00:00,IWM follows SPY,-1,0.27394180498753884
2025-10-27 19:32:00+00:00 to 2025-10-28 13:31:00+00:00,IWM follows SPY,-5,0.26423779490843413
2025-10-27 19:33:00+00:00 to 2025-10-28 13:32:00+00:00,IWM follows SPY,-5,0.2696650285227114
2025-10-27 19:34:00+00:00 to 2025-10-28 13:33:00+00:00,IWM follows SPY,-5,0.29494588624426155
2025-10-27 19:35:00+00:00 to 2025-10-28 13:34:00+00:00,IWM follows SPY,2,0.24237139152334228
2025-10-27 19:36:00+00:00 to 2025-10-28 13:35:00+00:00,IWM follows SPY,5,0.28702099021605104
2025-10-27 19:37:00+00:00 to 2025-10-28 13:36:00+00:00,IWM follows SPY,5,0.2924249706514902
2025-10-27 19:38:00+00:00 to 2025-10-28 13:37:00+00:00,IWM follows SPY,5,0.2962893933854619
2025-10-27 19:39:00+00:00 to 2025-10-28 13:38:00+00:00,IWM follows SPY,5,0.3105565374382106
2025-10-27 19:40:00+00:00 to 2025-10-28 13:39:00+00:00,IWM follows SPY,5,0.2937256981783682
2025-10-27 19:41:00+00:00 to 2025-10-28 13:40:00+00:00,IWM follows SPY,5,0.2840753877266696
2025-10-27 19:42:00+00:00 to 2025-10-28 13:41:00+00:00,IWM follows SPY,5,0.27605037431594764
2025-10-27 19:43:00+00:00 to 2025-10-28 13:42:00+00:00,IWM follows SPY,5,0.2734562769481059
2025-10-27 19:44:00+00:00 to 2025-10-28 13:43:00+00:00,IWM follows SPY,5,0.2761912209644249
2025-10-27 19:45:00+00:00 to 2025-10-28 13:44:00+00:00,IWM follows SPY,5,0.2756430401036586
2025-10-27 19:46:00+00:00 to 2025-10-28 13:45:00+00:00,IWM follows SPY,5,0.27374705475205957
2025-10-27 19:47:00+00:00 to 2025-10-28 13:46:00+00:00,IWM follows SPY,5,0.28095764862800743
2025-10-27 19:48:00+00:00 to 2025-10-28 13:47:00+00:00,IWM follows SPY,5,0.28417859288274416
2025-10-27 19:49:00+00:00 to 2025-10-28 13:48:00+00:00,IWM follows SPY,5,0.27729708546319526
2025-10-27 19:50:00+00:00 to 2025-10-28 13:49:00+00:00,IWM follows SPY,5,0.31858260394975635
2025-10-27 19:51:00+00:00 to 2025-10-28 13:50:00+00:00,IWM follows SPY,5,0.29099517991448043
2025-10-27 19:52:00+00:00 to 2025-10-28 13:51:00+00:00,IWM follows SPY,5,0.29544137730356046
2025-10-27 19:53:00+00:00 to 2025-10-28 13:52:00+00:00,IWM follows SPY,5,0.29765034979940935
2025-10-27 19:54:00+00:00 to 2025-10-28 13:53:00+00:00,IWM follows SPY,5,0.27902606299548316
2025-10-27 19:55:00+00:00 to 2025-10-28 13:54:00+00:00,IWM follows SPY,5,0.3723463383357338
2025-10-27 19:56:00+00:00 to 2025-10-28 13:55:00+00:00,IWM follows SPY,5,0.3335166285604314
2025-10-27 19:57:00+00:00 to 2025-10-28 13:56:00+00:00,IWM follows SPY,5,0.32992879641479106
2025-10-27 19:58:00+00:00 to 2025-10-28 13:57:00+00:00,IWM follows SPY,2,0.46103864089839164
2025-10-27 19:59:00+00:00 to 2025-10-28 13:58:00+00:00,IWM follows SPY,2,0.48992419674562065
2025-10-28 15:49:00+00:00 to 2025-10-28 16:18:00+00:00,IWM follows SPY,-4,0.4088630306134903
2025-10-28 15:50:00+00:00 to 2025-10-28 16:19:00+00:00,IWM follows SPY,-4,0.43387608615338874
2025-10-28 15:51:00+00:00 to 2025-10-28 16:20:00+00:00,IWM follows SPY,-4,0.467435240336503
2025-10-28 15:52:00+00:00 to 2025-10-28 16:21:00+00:00,IWM follows SPY,-4,0.4800176693045756
2025-10-28 15:53:00+00:00 to 2025-10-28 16:22:00+00:00,IWM follows SPY,-4,0.40446639682962676
2025-10-28 15:54:00+00:00 to 2025-10-28 16:23:00+00:00,IWM follows SPY,-4,0.4135172765816868
2025-10-28 15:55:00+00:00 to 2025-10-28 16:24:00+00:00,IWM follows SPY,-4,0.30643993075146364
2025-10-28 17:47:00+00:00 to 2025-10-28 18:16:00+00:00,IWM follows SPY,-2,0.4487459565764497
2025-10-28 17:48:00+00:00 to 2025-10-28 18:17:00+00:00,IWM follows SPY,-2,0.4351366907626067
2025-10-28 17:49:00+00:00 to 2025-10-28 18:18:00+00:00,IWM follows SPY,-2,0.4944363769422197
2025-10-28 17:50:00+00:00 to 2025-10-28 18:19:00+00:00,IWM follows SPY,-2,0.568270852185551
2025-10-28 17:51:00+00:00 to 2025-10-28 18:20:00+00:00,IWM follows SPY,-2,0.5959684444421824
2025-10-28 17:52:00+00:00 to 2025-10-28 18:21:00+00:00,IWM follows SPY,-2,0.5563584741432135
2025-10-28 17:53:00+00:00 to 2025-10-28 18:22:00+00:00,IWM follows SPY,-2,0.5527700080102038
2025-10-28 17:54:00+00:00 to 2025-10-28 18:23:00+00:00,IWM follows SPY,-2,0.5604996612598024
2025-10-28 17:55:00+00:00 to 2025-10-28 18:24:00+00:00,IWM follows SPY,-2,0.6142217046568061
2025-10-28 17:56:00+00:00 to 2025-10-28 18:25:00+00:00,IWM follows SPY,-2,0.5543850419795159
2025-10-28 17:57:00+00:00 to 2025-10-28 18:26:00+00:00,IWM follows SPY,-2,0.5642342847859723
2025-10-28 17:58:00+00:00 to 2025-10-28 18:27:00+00:00,IWM follows SPY,-2,0.5450953832694537
2025-10-28 18:02:00+00:00 to 2025-10-28 18:31:00+00:00,IWM follows SPY,4,0.5534817579232374
2025-10-28 18:03:00+00:00 to 2025-10-28 18:32:00+00:00,IWM follows SPY,4,0.581527698643451
2025-10-28 18:04:00+00:00 to 2025-10-28 18:33:00+00:00,IWM follows SPY,4,0.5387891429487754
2025-10-28 18:07:00+00:00 to 2025-10-28 18:36:00+00:00,IWM follows SPY,1,0.5459456939521562
2025-10-28 19:00:00+00:00 to 2025-10-28 19:29:00+00:00,IWM follows SPY,-5,0.5123756977296229
2025-10-28 19:31:00+00:00 to 2025-10-29 13:30:00+00:00,IWM follows SPY,5,0.45881802158421975
2025-10-28 19:32:00+00:00 to 2025-10-29 13:31:00+00:00,IWM follows SPY,5,0.4459644748446714
2025-10-28 19:33:00+00:00 to 2025-10-29 13:32:00+00:00,IWM follows SPY,5,0.3763072311838613
2025-10-28 19:34:00+00:00 to 2025-10-29 13:33:00+00:00,IWM follows SPY,5,0.36621853618752775
2025-10-28 19:35:00+00:00 to 2025-10-29 13:34:00+00:00,IWM follows SPY,5,0.371962475573886
2025-10-28 19:36:00+00:00 to 2025-10-29 13:35:00+00:00,IWM follows SPY,5,0.2521776658626612
2025-10-28 19:37:00+00:00 to 2025-10-29 13:36:00+00:00,IWM follows SPY,5,0.2684888580225533
2025-10-28 19:38:00+00:00 to 2025-10-29 13:37:00+00:00,IWM follows SPY,5,0.27277543565615026
2025-10-28 19:39:00+00:00 to 2025-10-29 13:38:00+00:00,IWM follows SPY,5,0.27979801220025524
2025-10-28 19:40:00+00:00 to 2025-10-29 13:39:00+00:00,IWM follows SPY,5,0.2774527760375224
2025-10-28 19:41:00+00:00 to 2025-10-29 13:40:00+00:00,IWM follows SPY,5,0.27033063890120923
2025-10-28 19:42:00+00:00 to 2025-10-29 13:41:00+00:00,IWM follows SPY,5,0.2799110500523728
2025-10-28 19:43:00+00:00 to 2025-10-29 13:42:00+00:00,IWM follows SPY,5,0.2908042629699108
2025-10-28 19:44:00+00:00 to 2025-10-29 13:43:00+00:00,IWM follows SPY,5,0.2808740723719722
2025-10-28 19:45:00+00:00 to 2025-10-29 13:44:00+00:00,IWM follows SPY,5,0.2987322773302486
2025-10-28 19:46:00+00:00 to 2025-10-29 13:45:00+00:00,IWM follows SPY,5,0.3122466432985403
2025-10-28 19:47:00+00:00 to 2025-10-29 13:46:00+00:00,IWM follows SPY,5,0.29913015133225446
2025-10-28 19:48:00+00:00 to 2025-10-29 13:47:00+00:00,IWM follows SPY,5,0.28654538190721773
2025-10-28 19:49:00+00:00 to 2025-10-29 13:48:00+00:00,IWM follows SPY,5,0.28302183548059273
2025-10-28 19:50:00+00:00 to 2025-10-29 13:49:00+00:00,IWM follows SPY,5,0.2771824893161336
2025-10-28 19:51:00+00:00 to 2025-10-29 13:50:00+00:00,IWM follows SPY,5,0.2935735029610468
2025-10-28 19:52:00+00:00 to 2025-10-29 13:51:00+00:00,IWM follows SPY,5,0.31191221239494593
2025-10-28 19:53:00+00:00 to 2025-10-29 13:52:00+00:00,IWM follows SPY,5,0.3005383835350854
2025-10-28 19:54:00+00:00 to 2025-10-29 13:53:00+00:00,IWM follows SPY,5,0.30561909879123017
2025-10-28 19:55:00+00:00 to 2025-10-29 13:54:00+00:00,IWM follows SPY,5,0.2236443567329614
2025-10-28 19:56:00+00:00 to 2025-10-29 13:55:00+00:00,IWM follows SPY,5,0.24786282614401595
2025-10-28 19:57:00+00:00 to 2025-10-29 13:56:00+00:00,IWM follows SPY,5,0.3499311746457004
2025-10-28 19:58:00+00:00 to 2025-10-29 13:57:00+00:00,IWM follows SPY,5,0.36935702089964506
2025-10-28 19:59:00+00:00 to 2025-10-29 13:58:00+00:00,IWM follows SPY,5,0.3759454812193173
2025-10-29 13:39:00+00:00 to 2025-10-29 14:08:00+00:00,IWM follows SPY,5,0.509852537230142
2025-10-29 13:40:00+00:00 to 2025-10-29 14:09:00+00:00,IWM follows SPY,5,0.4797609161793311
2025-10-29 13:47:00+00:00 to 2025-10-29 14:16:00+00:00,IWM follows SPY,5,0.416361547376547
2025-10-29 13:48:00+00:00 to 2025-10-29 14:17:00+00:00,IWM follows SPY,5,0.42519093592757906
2025-10-29 13:49:00+00:00 to 2025-10-29 14:18:00+00:00,IWM follows SPY,5,0.4035430840558174
2025-10-29 13:51:00+00:00 to 2025-10-29 14:20:00+00:00,IWM follows SPY,2,0.22834883322901822
2025-10-29 13:52:00+00:00 to 2025-10-29 14:21:00+00:00,IWM follows SPY,2,0.24549545569646256
2025-10-29 13:53:00+00:00 to 2025-10-29 14:22:00+00:00,IWM follows SPY,2,0.27871414656065396
2025-10-29 13:54:00+00:00 to 2025-10-29 14:23:00+00:00,IWM follows SPY,2,0.23287511655797952
2025-10-29 13:55:00+00:00 to 2025-10-29 14:24:00+00:00,IWM follows SPY,2,0.22909606289291204
2025-10-30 13:32:00+00:00 to 2025-10-30 14:01:00+00:00,IWM follows SPY,4,0.6499426033735238
2025-10-30 19:31:00+00:00 to 2025-10-31 13:30:00+00:00,IWM follows SPY,1,0.16380100907775366
2025-10-30 19:32:00+00:00 to 2025-10-31 13:31:00+00:00,IWM follows SPY,-1,0.4985138679549703
2025-10-30 19:33:00+00:00 to 2025-10-31 13:32:00+00:00,IWM follows SPY,-1,0.5014766217124902
2025-10-30 19:34:00+00:00 to 2025-10-31 13:33:00+00:00,IWM follows SPY,-1,0.44435515645809626
2025-10-30 19:35:00+00:00 to 2025-10-31 13:34:00+00:00,IWM follows SPY,-1,0.4449678562147589
2025-10-30 19:36:00+00:00 to 2025-10-31 13:35:00+00:00,IWM follows SPY,-1,0.40671548276166913
2025-10-30 19:37:00+00:00 to 2025-10-31 13:36:00+00:00,IWM follows SPY,-3,0.40046119781533385
2025-10-30 19:38:00+00:00 to 2025-10-31 13:37:00+00:00,IWM follows SPY,-3,0.3877444870359622
2025-10-30 19:39:00+00:00 to 2025-10-31 13:38:00+00:00,IWM follows SPY,-3,0.3716807826397601
2025-10-30 19:40:00+00:00 to 2025-10-31 13:39:00+00:00,IWM follows SPY,-3,0.37051299747985145
2025-10-30 19:41:00+00:00 to 2025-10-31 13:40:00+00:00,IWM follows SPY,-3,0.35746104368979165
2025-10-30 19:42:00+00:00 to 2025-10-31 13:41:00+00:00,IWM follows SPY,-3,0.3598364323520955
2025-10-30 19:43:00+00:00 to 2025-10-31 13:42:00+00:00,IWM follows SPY,-3,0.3612460013295761
2025-10-30 19:44:00+00:00 to 2025-10-31 13:43:00+00:00,IWM follows SPY,-3,0.33876993285445156
2025-10-30 19:45:00+00:00 to 2025-10-31 13:44:00+00:00,IWM follows SPY,-3,0.3486102367367069
2025-10-30 19:46:00+00:00 to 2025-10-31 13:45:00+00:00,IWM follows SPY,-3,0.3516358317089686
2025-10-30 19:47:00+00:00 to 2025-10-31 13:46:00+00:00,IWM follows SPY,-3,0.3403500899580869
2025-10-30 19:48:00+00:00 to 2025-10-31 13:47:00+00:00,IWM follows SPY,-3,0.3337185654770209
2025-10-30 19:49:00+00:00 to 2025-10-31 13:48:00+00:00,IWM follows SPY,-3,0.3360567414352836
2025-10-30 19:50:00+00:00 to 2025-10-31 13:49:00+00:00,IWM follows SPY,-3,0.335225703980368
2025-10-30 19:51:00+00:00 to 2025-10-31 13:50:00+00:00,IWM follows SPY,-3,0.3396955678632635
2025-10-30 19:52:00+00:00 to 2025-10-31 13:51:00+00:00,IWM follows SPY,-3,0.334731143356627
2025-10-30 19:53:00+00:00 to 2025-10-31 13:52:00+00:00,IWM follows SPY,-3,0.3331751081805285
2025-10-30 19:54:00+00:00 to 2025-10-31 13:53:00+00:00,IWM follows SPY,-3,0.32288620457900136
2025-10-30 19:55:00+00:00 to 2025-10-31 13:54:00+00:00,IWM follows SPY,-3,0.32274314202210586
2025-10-30 19:56:00+00:00 to 2025-10-31 13:55:00+00:00,IWM follows SPY,4,0.3848865058428916
2025-10-30 19:57:00+00:00 to 2025-10-31 13:56:00+00:00,IWM follows SPY,4,0.384476514979726
2025-10-30 19:58:00+00:00 to 2025-10-31 13:57:00+00:00,IWM follows SPY,-3,0.3946790813401123
2025-10-30 19:59:00+00:00 to 2025-10-31 13:58:00+00:00,IWM follows SPY,-3,0.4084277480051535
2025-10-31 13:30:00+00:00 to 2025-10-31 13:59:00+00:00,IWM follows SPY,4,0.3716805484500844
2025-10-31 19:31:00+00:00 to 2025-11-03 14:30:00+00:00,IWM follows SPY,-3,0.2779409918562296
2025-10-31 19:32:00+00:00 to 2025-11-03 14:31:00+00:00,IWM follows SPY,-3,0.2595030751599349
2025-10-31 19:33:00+00:00 to 2025-11-03 14:32:00+00:00,IWM follows SPY,-3,0.26798844908426483
2025-10-31 19:34:00+00:00 to 2025-11-03 14:33:00+00:00,IWM follows SPY,-4,0.11839831200919863
2025-10-31 19:35:00+00:00 to 2025-11-03 14:34:00+00:00,IWM follows SPY,-5,0.10924947092727194
2025-10-31 19:36:00+00:00 to 2025-11-03 14:35:00+00:00,IWM follows SPY,4,0.10278042113559178
2025-10-31 19:37:00+00:00 to 2025-11-03 14:36:00+00:00,IWM follows SPY,4,0.10022902002412841
2025-10-31 19:38:00+00:00 to 2025-11-03 14:37:00+00:00,IWM follows SPY,4,0.12384396461004331
2025-10-31 19:39:00+00:00 to 2025-11-03 14:38:00+00:00,IWM follows SPY,4,0.12484369562886478
2025-10-31 19:40:00+00:00 to 2025-11-03 14:39:00+00:00,IWM follows SPY,4,0.1277136675614485
2025-10-31 19:41:00+00:00 to 2025-11-03 14:40:00+00:00,IWM follows SPY,4,0.13609648345492348
2025-10-31 19:42:00+00:00 to 2025-11-03 14:41:00+00:00,IWM follows SPY,4,0.13519618322779578
2025-10-31 19:43:00+00:00 to 2025-11-03 14:42:00+00:00,IWM follows SPY,4,0.11897274751654367
2025-10-31 19:44:00+00:00 to 2025-11-03 14:43:00+00:00,IWM follows SPY,4,0.11342641247367752
2025-10-31 19:45:00+00:00 to 2025-11-03 14:44:00+00:00,IWM follows SPY,4,0.11771910112330705
2025-10-31 19:46:00+00:00 to 2025-11-03 14:45:00+00:00,IWM follows SPY,2,0.11758978902095453
2025-10-31 19:47:00+00:00 to 2025-11-03 14:46:00+00:00,IWM follows SPY,2,0.11575106108593983
2025-10-31 19:48:00+00:00 to 2025-11-03 14:47:00+00:00,IWM follows SPY,2,0.1277631493571841
2025-10-31 19:49:00+00:00 to 2025-11-03 14:48:00+00:00,IWM follows SPY,2,0.12955052267695447
2025-10-31 19:50:00+00:00 to 2025-11-03 14:49:00+00:00,IWM follows SPY,4,0.1445131746214533
2025-10-31 19:51:00+00:00 to 2025-11-03 14:50:00+00:00,IWM follows SPY,4,0.1290532050145771
2025-10-31 19:52:00+00:00 to 2025-11-03 14:51:00+00:00,IWM follows SPY,4,0.1293249485999472
2025-10-31 19:53:00+00:00 to 2025-11-03 14:52:00+00:00,IWM follows SPY,2,0.12183691418915697
2025-10-31 19:54:00+00:00 to 2025-11-03 14:53:00+00:00,IWM follows SPY,2,0.11374520352534308
2025-10-31 19:55:00+00:00 to 2025-11-03 14:54:00+00:00,IWM follows SPY,4,0.11847178910508828
2025-10-31 19:56:00+00:00 to 2025-11-03 14:55:00+00:00,IWM follows SPY,4,0.2233254253523681
2025-10-31 19:57:00+00:00 to 2025-11-03 14:56:00+00:00,IWM follows SPY,5,0.15136735380649097
2025-10-31 19:58:00+00:00 to 2025-11-03 14:57:00+00:00,IWM follows SPY,2,0.24363166263877264
2025-10-31 19:59:00+00:00 to 2025-11-03 14:58:00+00:00,IWM follows SPY,2,0.2619510974423419
2025-11-03 17:30:00+00:00 to 2025-11-03 17:59:00+00:00,IWM follows SPY,-4,0.4415218634416549
2025-11-03 17:31:00+00:00 to 2025-11-03 18:00:00+00:00,IWM follows SPY,-4,0.46086547421464347
2025-11-03 17:36:00+00:00 to 2025-11-03 18:05:00+00:00,IWM follows SPY,-3,0.28680522672770364
2025-11-04 14:50:00+00:00 to 2025-11-04 15:19:00+00:00,IWM follows SPY,3,0.48010975495625163
2025-11-04 14:51:00+00:00 to 2025-11-04 15:20:00+00:00,IWM follows SPY,3,0.5377082494054224
2025-11-04 14:52:00+00:00 to 2025-11-04 15:21:00+00:00,IWM follows SPY,3,0.5190329009145006
2025-11-04 14:53:00+00:00 to 2025-11-04 15:22:00+00:00,IWM follows SPY,3,0.521328189657667
2025-11-04 14:54:00+00:00 to 2025-11-04 15:23:00+00:00,IWM follows SPY,3,0.568364640683435
2025-11-04 14:55:00+00:00 to 2025-11-04 15:24:00+00:00,IWM follows SPY,3,0.5580967690222184
2025-11-04 14:56:00+00:00 to 2025-11-04 15:25:00+00:00,IWM follows SPY,3,0.5825473996286041
2025-11-04 14:57:00+00:00 to 2025-11-04 15:26:00+00:00,IWM follows SPY,3,0.5759097635342842
2025-11-04 14:58:00+00:00 to 2025-11-04 15:27:00+00:00,IWM follows SPY,3,0.5843484831650556
2025-11-04 14:59:00+00:00 to 2025-11-04 15:28:00+00:00,IWM follows SPY,3,0.5905085758845312
2025-11-04 15:00:00+00:00 to 2025-11-04 15:29:00+00:00,IWM follows SPY,3,0.6563272065143791
2025-11-04 15:01:00+00:00 to 2025-11-04 15:30:00+00:00,IWM follows SPY,3,0.7316566362983411
2025-11-04 15:02:00+00:00 to 2025-11-04 15:31:00+00:00,IWM follows SPY,3,0.7305822485470698
2025-11-04 15:03:00+00:00 to 2025-11-04 15:32:00+00:00,IWM follows SPY,3,0.7366366686014055
2025-11-04 15:04:00+00:00 to 2025-11-04 15:33:00+00:00,IWM follows SPY,3,0.7192362739641476
2025-11-04 20:31:00+00:00 to 2025-11-05 14:30:00+00:00,IWM follows SPY,-1,0.2558135546541773
2025-11-04 20:32:00+00:00 to 2025-11-05 14:31:00+00:00,IWM follows SPY,-1,0.28879777270445467
2025-11-04 20:33:00+00:00 to 2025-11-05 14:32:00+00:00,IWM follows SPY,-1,0.26371006269253444
2025-11-04 20:34:00+00:00 to 2025-11-05 14:33:00+00:00,IWM follows SPY,2,0.2980460941577507
2025-11-04 20:36:00+00:00 to 2025-11-05 14:35:00+00:00,IWM follows SPY,-3,0.3254989290605006
2025-11-04 20:37:00+00:00 to 2025-11-05 14:36:00+00:00,IWM follows SPY,-3,0.33400007794566716
2025-11-05 14:44:00+00:00 to 2025-11-05 15:13:00+00:00,IWM follows SPY,1,0.6178325508368182
2025-11-05 16:37:00+00:00 to 2025-11-05 17:06:00+00:00,IWM follows SPY,4,0.6698617406566232
2025-11-05 16:38:00+00:00 to 2025-11-05 17:07:00+00:00,IWM follows SPY,4,0.6863226320190181
2025-11-05 16:39:00+00:00 to 2025-11-05 17:08:00+00:00,IWM follows SPY,4,0.7105260194448798
2025-11-05 16:40:00+00:00 to 2025-11-05 17:09:00+00:00,IWM follows SPY,4,0.7107899878651105
2025-11-05 16:41:00+00:00 to 2025-11-05 17:10:00+00:00,IWM follows SPY,4,0.7475267322470269
2025-11-05 16:42:00+00:00 to 2025-11-05 17:11:00+00:00,IWM follows SPY,4,0.5998620290311296
2025-11-05 16:43:00+00:00 to 2025-11-05 17:12:00+00:00,IWM follows SPY,4,0.6083718099941222
2025-11-05 16:44:00+00:00 to 2025-11-05 17:13:00+00:00,IWM follows SPY,4,0.6016612623514977
2025-11-05 16:45:00+00:00 to 2025-11-05 17:14:00+00:00,IWM follows SPY,4,0.6060104796160101
2025-11-05 16:46:00+00:00 to 2025-11-05 17:15:00+00:00,IWM follows SPY,4,0.5823891599347704
2025-11-05 16:47:00+00:00 to 2025-11-05 17:16:00+00:00,IWM follows SPY,4,0.5932323380129423
2025-11-05 16:48:00+00:00 to 2025-11-05 17:17:00+00:00,IWM follows SPY,4,0.6557066758566252
2025-11-05 16:49:00+00:00 to 2025-11-05 17:18:00+00:00,IWM follows SPY,4,0.5521874400236351
2025-11-05 16:50:00+00:00 to 2025-11-05 17:19:00+00:00,IWM follows SPY,4,0.5713895551495829
2025-11-05 16:51:00+00:00 to 2025-11-05 17:20:00+00:00,IWM follows SPY,4,0.48828779520881277
2025-11-05 16:52:00+00:00 to 2025-11-05 17:21:00+00:00,IWM follows SPY,4,0.48751091927944745
2025-11-05 16:53:00+00:00 to 2025-11-05 17:22:00+00:00,IWM follows SPY,4,0.49351388300853194
2025-11-05 16:54:00+00:00 to 2025-11-05 17:23:00+00:00,IWM follows SPY,4,0.4692188229403726
2025-11-05 16:55:00+00:00 to 2025-11-05 17:24:00+00:00,IWM follows SPY,4,0.4218591076827023
2025-11-05 16:56:00+00:00 to 2025-11-05 17:25:00+00:00,IWM follows SPY,4,0.4311220502748904
2025-11-05 16:57:00+00:00 to 2025-11-05 17:26:00+00:00,IWM follows SPY,4,0.42630301711397045
2025-11-05 16:58:00+00:00 to 2025-11-05 17:27:00+00:00,IWM follows SPY,4,0.4248195545756916
2025-11-05 16:59:00+00:00 to 2025-11-05 17:28:00+00:00,IWM follows SPY,4,0.39660787779350787
2025-11-05 17:00:00+00:00 to 2025-11-05 17:29:00+00:00,IWM follows SPY,4,0.3193890466279937
2025-11-05 17:01:00+00:00 to 2025-11-05 17:30:00+00:00,IWM follows SPY,3,0.29814081784906177
2025-11-05 17:03:00+00:00 to 2025-11-05 17:32:00+00:00,IWM follows SPY,3,0.27641124326925487
2025-11-05 17:07:00+00:00 to 2025-11-05 17:36:00+00:00,IWM follows SPY,-4,0.28778348732512415
2025-11-05 18:42:00+00:00 to 2025-11-05 19:11:00+00:00,IWM follows SPY,-1,0.4517193445590348
2025-11-05 18:43:00+00:00 to 2025-11-05 19:12:00+00:00,IWM follows SPY,-1,0.4504159135705697
2025-11-05 18:44:00+00:00 to 2025-11-05 19:13:00+00:00,IWM follows SPY,-1,0.45207733195170313
2025-11-05 18:46:00+00:00 to 2025-11-05 19:15:00+00:00,IWM follows SPY,-1,0.4950084664556518
2025-11-10 20:33:00+00:00 to 2025-11-11 14:32:00+00:00,IWM follows SPY,-2,0.533892284130883
2025-11-10 20:34:00+00:00 to 2025-11-11 14:33:00+00:00,IWM follows SPY,-2,0.5416791552303881
2025-11-10 20:35:00+00:00 to 2025-11-11 14:34:00+00:00,IWM follows SPY,-2,0.5270658865358588
2025-11-10 20:36:00+00:00 to 2025-11-11 14:35:00+00:00,IWM follows SPY,-2,0.548900603489015
2025-11-10 20:37:00+00:00 to 2025-11-11 14:36:00+00:00,IWM follows SPY,-2,0.5533048919594709
2025-11-10 20:38:00+00:00 to 2025-11-11 14:37:00+00:00,IWM follows SPY,-2,0.5376782323718192
2025-11-10 20:39:00+00:00 to 2025-11-11 14:38:00+00:00,IWM follows SPY,-2,0.5428682075061502
2025-11-10 20:40:00+00:00 to 2025-11-11 14:39:00+00:00,IWM follows SPY,-2,0.5700655136895701
2025-11-10 20:41:00+00:00 to 2025-11-11 14:40:00+00:00,IWM follows SPY,-2,0.5136224443888192
2025-11-10 20:42:00+00:00 to 2025-11-11 14:41:00+00:00,IWM follows SPY,-2,0.5064551803253795
2025-11-10 20:43:00+00:00 to 2025-11-11 14:42:00+00:00,IWM follows SPY,-2,0.5074480121978586
2025-11-10 20:44:00+00:00 to 2025-11-11 14:43:00+00:00,IWM follows SPY,-2,0.4924881875488478
2025-11-10 20:45:00+00:00 to 2025-11-11 14:44:00+00:00,IWM follows SPY,-2,0.47351503478725754
2025-11-10 20:46:00+00:00 to 2025-11-11 14:45:00+00:00,IWM follows SPY,-2,0.4437735173147285
2025-11-10 20:47:00+00:00 to 2025-11-11 14:46:00+00:00,IWM follows SPY,-2,0.4561464093682226
2025-11-10 20:48:00+00:00 to 2025-11-11 14:47:00+00:00,IWM follows SPY,-2,0.4924811275538108
2025-11-10 20:49:00+00:00 to 2025-11-11 14:48:00+00:00,IWM follows SPY,-2,0.5036159671953857
2025-11-10 20:50:00+00:00 to 2025-11-11 14:49:00+00:00,IWM follows SPY,-2,0.5076920085138646
2025-11-10 20:51:00+00:00 to 2025-11-11 14:50:00+00:00,IWM follows SPY,-2,0.5107517360846663
2025-11-10 20:52:00+00:00 to 2025-11-11 14:51:00+00:00,IWM follows SPY,-2,0.4758856722367998
2025-11-10 20:53:00+00:00 to 2025-11-11 14:52:00+00:00,IWM follows SPY,-2,0.49202854699248366
2025-11-10 20:54:00+00:00 to 2025-11-11 14:53:00+00:00,IWM follows SPY,-2,0.5014830240134133
2025-11-10 20:55:00+00:00 to 2025-11-11 14:54:00+00:00,IWM follows SPY,-2,0.5315801424273656
2025-11-10 20:56:00+00:00 to 2025-11-11 14:55:00+00:00,IWM follows SPY,-2,0.528902481147064
2025-11-12 14:37:00+00:00 to 2025-11-12 15:06:00+00:00,IWM follows SPY,-3,0.4531351558547172
